{"cameraMode":{"drawMode":0,"name":"Shaded","section":"Shading Mode"},"sceneLighting":false,"audioPlay":false,"sceneViewState":{"showFog":true,"showMaterialUpdate":false,"showSkybox":false,"showFlares":true,"showImageEffects":true,"showParticleSystems":true},"in2DMode":false,"pivot":{"x":0.02499997615814209,"y":1.0609030723571778,"z":1.304246187210083},"rotation":{"x":-0.15156061947345735,"y":-0.2255864292383194,"z":0.03555268421769142,"w":-0.9617100954055786},"size":1.483551025390625,"orthographic":false}