{"cameraMode":{"drawMode":0,"name":"Shaded","section":"Shading Mode"},"sceneLighting":false,"audioPlay":false,"sceneViewState":{"showFog":true,"showMaterialUpdate":false,"showSkybox":false,"showFlares":true,"showImageEffects":true,"showParticleSystems":true},"in2DMode":false,"pivot":{"x":0.0,"y":0.4704265296459198,"z":-0.007490873336791992},"rotation":{"x":-0.19992956519126893,"y":0.01528226863592863,"z":-0.003116861917078495,"w":-0.9796913862228394},"size":0.6255988478660584,"orthographic":false}